sentence_id_1,sentence_id_2,answers_12,reasonings_12,comment_12,llm_confidence_12,llm_conclusion_12,verdict
B0448006p,B1089003p,"YES, NO, NO","1. YES: Both statements reflect a concern with legitimizing sovereign power; Bodin's emphasis on justice in monarchy implies that sovereign power must be exercised legitimately and non-arbitrarily, which is directly addressed by Hobbes's divine accountability. 2. NO: Statement 1 focuses on the importance of justice as reinforced by a singular sovereign, while Statement 2 focuses on the source of sovereign legitimacy (accountability to God); one can emphasize justice without invoking divine accountability, as seen in Bodin's practical governance arguments. 3. NO: The arguments derive from distinct philosophical traditions and historical contexts; Bodin's justice is tied to the structure and functioning of the state, while Hobbes's non-arbitrary power is rooted in natural law and divine authority, so there is no necessary logical connection.","While both statements deal with sovereignty and legitimacy, they stem from different theoretical foundations and address different aspects of sovereign power. Without a shared premise linking justice directly to divine accountability, entailment is not strongly established, though thematic overlap exists.",3,NO,NO
B1089003p,B0448006p,"YES, NO, NO","1. YES: Both statements reflect a concern with legitimizing sovereign power; Bodin's emphasis on justice in monarchy implies that sovereign power must be exercised legitimately and non-arbitrarily, which is directly addressed by Hobbes's divine accountability. 2. NO: Statement 1 focuses on the importance of justice as reinforced by a singular sovereign, while Statement 2 focuses on the source of sovereign legitimacy (accountability to God); one can emphasize justice without invoking divine accountability, as seen in Bodin's practical governance arguments. 3. NO: The arguments derive from distinct philosophical traditions and historical contexts; Bodin's justice is tied to the structure and functioning of the state, while Hobbes's non-arbitrary power is rooted in natural law and divine authority, so there is no necessary logical connection.","While both statements deal with sovereignty and legitimacy, they stem from different theoretical foundations and address different aspects of sovereign power. Without a shared premise linking justice directly to divine accountability, entailment is not strongly established, though thematic overlap exists.",3,NO (inferred),NO
B0674004p,S0051696006p,"NO, NO, NO","1. Statement 1 is derived from a 16th-century monarchical treatise that emphasizes the prince's prudence in maintaining order and justice to preserve authority, with no mention of democratic oversight. The historical context and author's perspective are centered on effective autocratic rule, not democratic principles. Therefore, Statement 1 does not entail Statement 2.
2. Logically, Statement 1 and Statement 2 address different aspects of governance: one focuses on order and justice as foundations for trust, the other on democratic oversight as a check on power. There is no necessary connection; a regime could maintain order and justice without democratic oversight (e.g., through benevolent autocracy), so Statement 1 does not entail Statement 2.
3. The content of Argument 1 advises the prince on managing riots, choosing advisors, and balancing severity and clemency, all within a framework of top-down authority. Democratic oversight, which implies bottom-up accountability, is absent and even contrary to the text's assumptions about princely authority. Thus, within the given context, Statement 1 does not entail Statement 2.",The two statements are conceptually distinct and arise from different political philosophies. The absence of democratic oversight in the source context and the lack of logical necessity between the statements make the non-entailment clear.,4,NO,NO
S0051696006p,B0674004p,"NO, NO, NO","1. Statement 1 is derived from a 16th-century monarchical treatise that emphasizes the prince's prudence in maintaining order and justice to preserve authority, with no mention of democratic oversight. The historical context and author's perspective are centered on effective autocratic rule, not democratic principles. Therefore, Statement 1 does not entail Statement 2.
2. Logically, Statement 1 and Statement 2 address different aspects of governance: one focuses on order and justice as foundations for trust, the other on democratic oversight as a check on power. There is no necessary connection; a regime could maintain order and justice without democratic oversight (e.g., through benevolent autocracy), so Statement 1 does not entail Statement 2.
3. The content of Argument 1 advises the prince on managing riots, choosing advisors, and balancing severity and clemency, all within a framework of top-down authority. Democratic oversight, which implies bottom-up accountability, is absent and even contrary to the text's assumptions about princely authority. Thus, within the given context, Statement 1 does not entail Statement 2.",The two statements are conceptually distinct and arise from different political philosophies. The absence of democratic oversight in the source context and the lack of logical necessity between the statements make the non-entailment clear.,4,NO (inferred),NO
B0427001sc,B0596001sc,"NO, NO, NO","1. Statement 1 is a specific claim about the necessity of popular Estates for a just monarchy, while Statement 2 is a general claim about the necessity of lawful political authority for societal order; the truth of a specific claim does not logically entail the truth of a broader, unrelated claim. 2. It is logically possible for Statement 1 to be true while Statement 2 is false (e.g., if societal order can be maintained through tyrannical rule or anarchic cooperation without lawful political authority), so Statement 1 does not necessitate Statement 2. 3. The statements are derived from arguments with different contexts and purposes (Bodin focuses on the structure of a monarchy, Suárez on the legitimacy of political authority), and there is no shared conceptual framework to support entailment.","The statements are logically independent; entailment would require additional premises linking the specific institution of popular Estates to the general necessity of lawful authority for societal order, which are not provided in the statements or their immediate contexts.",4,NO,NO
B0596001sc,B0427001sc,"NO, NO, NO","1. Statement 1 is a specific claim about the necessity of popular Estates for a just monarchy, while Statement 2 is a general claim about the necessity of lawful political authority for societal order; the truth of a specific claim does not logically entail the truth of a broader, unrelated claim. 2. It is logically possible for Statement 1 to be true while Statement 2 is false (e.g., if societal order can be maintained through tyrannical rule or anarchic cooperation without lawful political authority), so Statement 1 does not necessitate Statement 2. 3. The statements are derived from arguments with different contexts and purposes (Bodin focuses on the structure of a monarchy, Suárez on the legitimacy of political authority), and there is no shared conceptual framework to support entailment.","The statements are logically independent; entailment would require additional premises linking the specific institution of popular Estates to the general necessity of lawful authority for societal order, which are not provided in the statements or their immediate contexts.",4,NO (inferred),NO
B0875001sc,B1099003sc,"NO, NO, NO","1. S1 is specifically about the emperor (a unique office), while S2 is about Christian kings in general; the emperor's divine authorization does not logically extend to all kings. 2. S1 addresses the source of authority, whereas S2 addresses accountability; a ruler can have authority from God alone yet still be accountable to human institutions (e.g., the Church or laws) if divinely ordained. 3. The historical and philosophical contexts differ: Ockham (14th century) defends imperial independence from the Papacy, while Hobbes (17th century) argues for sovereign legislative power; their distinct frameworks prevent logical entailment between the statements.","While both statements advocate secular rulers' independence from ecclesiastical authority, they differ in subject (emperor vs. kings) and conceptual focus (source of authority vs. accountability). These differences make entailment unlikely, though some conceptual overlap exists.",3,NO,NO
B1099003sc,B0875001sc,"NO, NO, NO","1. S1 is specifically about the emperor (a unique office), while S2 is about Christian kings in general; the emperor's divine authorization does not logically extend to all kings. 2. S1 addresses the source of authority, whereas S2 addresses accountability; a ruler can have authority from God alone yet still be accountable to human institutions (e.g., the Church or laws) if divinely ordained. 3. The historical and philosophical contexts differ: Ockham (14th century) defends imperial independence from the Papacy, while Hobbes (17th century) argues for sovereign legislative power; their distinct frameworks prevent logical entailment between the statements.","While both statements advocate secular rulers' independence from ecclesiastical authority, they differ in subject (emperor vs. kings) and conceptual focus (source of authority vs. accountability). These differences make entailment unlikely, though some conceptual overlap exists.",3,NO (inferred),NO
B0083004p,B0132002p,"YES, YES, YES","1. Logical entailment: If legitimacy is 'rooted in' consent, then consent is a fundamental basis, which aligns with being the 'essence'. Thus, Statement 1 implies Statement 2. 2. Contextual coherence: Both statements derive from the same author and work, where consent is consistently presented as the foundation of legitimacy; the additional details in Statement 1 do not negate but reinforce Statement 2. 3. Philosophical consistency: In political theory, grounding legitimacy in consent inherently makes consent essential to legitimacy; the rights to establish laws and hold accountable are corollaries of that consent, not separate foundations.","I am completely sure because Statement 1's phrasing 'rooted in the consent' directly and strongly implies that consent is the essential foundation, which is exactly what Statement 2 asserts.",4,YES,YES
B0132002p,B0083004p,"YES, YES, YES","1. In the context of Sidney's arguments, consent is explicitly linked with the right to establish laws and hold leaders accountable, as seen in Argument 2 where he states that legitimacy is rooted in consent and that the people have these rights. Therefore, Statement 1 entails Statement 2 within the author's framework. 2. Logically, if legitimate governance fundamentally depends on the consent of the governed, then the governed must retain the authority to determine the laws under which they live and to ensure that their leaders remain accountable to them; otherwise, consent could be rendered meaningless. 3. Historically, Sidney's work is part of the social contract tradition where consent implies popular sovereignty, including the right to legislate and hold government accountable, as seen in similar writings of the period such as Locke's.","The author's consistent perspective across both arguments strongly supports the entailment, as he explicitly connects consent with the specific rights mentioned in Statement 2. There is no indication in the text that consent could be understood separately from these rights.",4,YES,YES
