sentence_id_1,sentence_id_2,answers_12,reasonings_12,comment_12,llm_confidence_12,llm_conclusion_12
S0024115003p,B0536006p,"NO, YES, NO","1. NO: Statement 1 is a broad principle about political integrity, while Statement 2 is a specific claim about resisting unlawful authority. There is no logical necessity that the former entails the latter, as integrity can be safeguarded through various means not involving resistance. Evidence from Argument 1 shows emphasis on investigation and legal processes, not resistance. 2. YES: In the historical context of post-Glorious Revolution England, both statements reflect concerns about limiting arbitrary power. Safeguarding integrity (Statement 1) likely implies the need to oppose magistrates who act unlawfully (Statement 2) to prevent corruption and tyranny. Locke's argument (Argument 2) directly links tyranny to loss of integrity. 3. NO: From the authors' perspectives, Argument 1 is a political speech likely advocating for parliamentary and legal remedies, while Argument 2 is a philosophical justification for resistance. The speaker of Argument 1 might not endorse the extra-legal resistance implied in Statement 2, thus Statement 1 does not entail Statement 2.","I am quite confident that Statement 1 does not entail Statement 2 because the statements are at different levels of generality and come from different types of discourse. However, given the shared historical context, there is a plausible connection that lowers my confidence from absolute certainty.",3,NO
S0020682003sc,B0794001sc,"NO, NO, NO","1. Statement 1 is a general normative claim about Parliament's duty, while Statement 2 is a specific historical judgment about a particular king. The truth of Statement 1 does not necessitate the truth of Statement 2, as Parliament could have a duty to ensure accountability regardless of whether any specific ruler acted unjustifiably. 2. The two statements arise from different historical contexts: Statement 1 from the Exclusion Crisis under Charles II, and Statement 2 from the condemnation of Charles I. The need for accountability in 1679 does not logically entail that the actions of Charles I (decades earlier) were unjustified. 3. Even if Parliament must ensure accountability, it could be due to potential risks or general principles of good governance, not necessarily because a ruler's actions were unjustified. Therefore, Statement 1 can be true without Statement 2 being true.","The statements are logically independent; one does not imply the other. The contexts are different, and the truth conditions do not overlap.",4,NO
B0754002sc,B0286001sc,"YES, YES, YES","1. Logical entailment: Accountability implies enforcement; if kings must be accountable to the will of the people, then the people must have the power to hold them accountable, as without such power, accountability is meaningless. 2. Historical context: Both John Milton and Algernon Sidney wrote during periods of political resistance to absolute monarchy, and their arguments emphasize that the people's right to hold leaders accountable is essential for ensuring accountability, linking Statement 1 to Statement 2. 3. Textual evidence: In Argument 1, Milton critiques the idea that kings are above the law and suggests that people can oppose tyrants; in Argument 2, Sidney explicitly argues that the people must retain the power to remove corrupt leaders, showing that Statement 1 naturally leads to Statement 2.","I am completely sure because the entailment is logically straightforward, strongly supported by the authors' perspectives and the historical context, and there are no counterexamples within the provided arguments.",4,YES
S0010692011p,B0534004p,"NO, NO, YES","Reason 1: Statement 1 is a conditional claim about the consequences of prioritizing divine authority over earthly law, while Statement 2 is a descriptive claim about the duties of a rightful king. There is no logical connection that forces the truth of Statement 2 from Statement 1 alone, as they address distinct subjects (divine law vs. kingly duties).
Reason 2: The historical contexts differ: Argument 1 focuses on religious dissent and civil order in Restoration England, while Argument 2 discusses political tyranny and the social contract. The concerns of each argument are separate, so Statement 1 does not entail Statement 2 within their respective frameworks.
Reason 3: However, if one interprets both statements as emphasizing the supremacy of the rule of law, then accepting Statement 1 (that subordinating law leads to unrest) might imply that a rightful king must uphold the law to avoid such unrest, creating a weak entailment through shared principle. But this is not a strict logical entailment.","I am highly confident because the statements are logically independent and arise from different argumentative contexts, making direct entailment unlikely despite superficial thematic overlap.",4,NO
B0348001p,B0118002p,YES NO NO,"1. YES: From Argument 1, the accountability of officers to the people is rooted in the principle that authority derives from the people, which contradicts paternal authority; thus, Statement 1 implies Statement 2. 2. NO: Statement 1 is about accountability, while Statement 2 is about the source of authority; accountability does not logically negate parental rights, so no entailment. 3. NO: The arguments address different aspects—Statement 1 from governance structure in monarchy, Statement 2 from a general critique of paternal justification; they are related but not logically entailing.","I am reasonably confident because the statements involve distinct concepts (accountability vs. foundational rights), and while both arguments oppose paternal authority, Statement 1 does not necessarily imply Statement 2. However, the shared context of popular sovereignty suggests a possible connection, but logical entailment is not strong.",3,NO
B0278001p,B0139004p,"NO, YES, NO","NO: Statement 1 is a normative claim about the justifiability of absolute power over Parliament, while Statement 2 is a descriptive claim about the diversity of legal frameworks across kingdoms. Normative claims do not logically entail descriptive claims; one could argue that absolute power is unjustifiable based on universal moral principles, regardless of the specific laws of each kingdom. YES: In the context of Sidney's arguments, both statements stem from the same underlying principle that royal power is limited and defined by law. Sidney uses the diversity of laws (Statement 2) to argue against absolute power (Statement 1), so if absolute power is unjustifiable, it is because royal power is defined by specific laws, implying Statement 2. NO: Statement 1 focuses specifically on the king's power over Parliament, a particular institution, while Statement 2 addresses the extent of royal power in general. The unjustifiability of absolute power over Parliament does not necessarily entail that each kingdom has its own laws defining royal power; it could be that all kingdoms have similar parliamentary systems with similar limitations.","While the statements are related in Sidney's overall argument against absolute monarchy, logical entailment is not strict. Statement 1 could be true without Statement 2 being true, as the unjustifiability of absolute power could be based on universal principles rather than diverse legal frameworks. However, the contextual connection provides some reason for entailment, leading to moderate confidence.",3,NO
B0616002sc,B0110001sc,"NO, YES, NO","1. NO: Statement 1 could be true for reasons unrelated to neglect of welfare, such as a ruler voluntarily abdicating or being deposed for heresy (as in Argument 1), which ends obligation but does not necessarily imply that the government neglected the people's welfare. 2. YES: Both arguments imply that legitimate authority is conditional on serving the common good (Argument 1 ties obedience to just exercise of power; Argument 2 explicitly links legitimacy to welfare), so if obligation ends, it is likely because the ruler failed to uphold that good, which includes neglecting welfare. 3. NO: Statement 1 refers to the obligation to obey a specific ruler, while Statement 2 addresses the legitimacy of a government as a whole; the end of obligation to one ruler (e.g., through deposition) does not entail that the entire government system has lost legitimacy due to neglect, as the government may continue under new leadership.","While both arguments connect obedience to just rule, Statement 1 does not strictly entail Statement 2 because obligation can cease for reasons other than neglect of welfare (e.g., abdication, heresy), and the statements differ in scope (specific ruler vs. government system). The contexts and authors' perspectives provide support for both positions, but logical necessity is lacking.",3,NO
B0663002p,B0286008p,"NO, YES, NO","1. NO: Statement 1 focuses on the king's adherence to laws to confirm his power, but this does not entail that governance aligns with principles of liberty and the common good, as laws may be unjust or suppress liberty. Evidence from Argument 1 shows Mariana emphasizes public welfare and justice but not explicitly liberty, while Sidney in Argument 2 directly links governance to liberty and common good through popular accountability. 2. YES: Statement 1's emphasis on moderation and law adherence inherently supports the common good and justice, which are core aspects of governance aligning with liberty and the common good. Mariana argues that laws are for public welfare and the king must administer justice, implying governance that serves the people's interests, thus entailing Statement 2. 3. NO: The entailment fails because Statement 1 is contextually about the king's personal conduct and authority confirmation, while Statement 2 is a broader governance principle. Adherence to laws does not guarantee that governance prioritizes liberty, as seen in Sidney's argument where corrupt leaders must be removed by the people—a concept not present in Statement 1.","I am confident because the statements come from different philosophical traditions: Mariana's monarchical focus on law adherence does not logically necessitate Sidney's republican principles of liberty and common good. However, some overlap in concepts like public welfare allows for alternative interpretations, so I am not absolutely certain.",3,NO
B0534004p,B0171007p,"NO, YES, NO","1. NO: Statement 1 describes a duty that could be grounded in divine right or natural law without reference to consent. Evidence: Locke's Argument 1 quotes King James, who speaks of the king's oath to God and the law, not popular consent, suggesting the duty may stem from a higher authority rather than the governed.
2. YES: Within the historical and philosophical context of Locke's work, which informs Argument 1, the duty to uphold laws and protect welfare is tied to the social contract, implying consent as the basis of legitimacy. Evidence: Locke's overall theory, as known from the Second Treatise, explicitly derives political authority from the consent of the governed, making Statement 2 a necessary premise for Statement 1.
3. NO: The statements address different dimensions of authority: Statement 1 concerns the proper exercise of power (duty), while Statement 2 concerns its origin (source). Logical entailment is absent because one can consistently affirm the duty while denying consent as the source. Evidence: The provided arguments focus on separate issues—Argument 1 on distinguishing kings from tyrants, Argument 2 on the derivation of authority—showing no necessary implication.","The statements are conceptually related in liberal political theory, but entailment requires a stronger logical connection. Statement 1 does not necessitate Statement 2, as alternative foundations for royal duty exist. Confidence is high but not absolute due to the contextual nuances.",3,NO
B0587003p,B0476001p,"NO, NO, NO","First, Statement 1 is a specific claim about the illegitimacy of condemning a king without due process, while Statement 2 is a general philosophical claim about human nature; there is no logical entailment between them. Second, the arguments come from different authors with distinct perspectives: Salmasius argues from legal and historical grounds specific to English law, while Filmer's doctrine (as presented by Locke) is based on patriarchal theory and divine right, so the truth of one does not necessitate the truth of the other. Third, even if both statements could be used to support absolute monarchy, one can accept that condemning a king without trial is a crime without believing that all men are born slaves, as alternative justifications for monarchy exist.","While I am confident that Statement 1 does not entail Statement 2 due to the lack of logical necessity and different foundations, I am not absolutely certain because there might be an implicit connection in the broader context of absolutist thought. However, the direct entailment is not supported by the given arguments.",3,NO
S0051842008p,B0289003p,"NO, NO, NO","1. NO: Statement 1 is a normative claim about political legitimacy based on participation, while Statement 2 is an empirical observation about human flaws in power; normative claims do not logically entail empirical claims, as seen in the distinct natures of the arguments. 2. NO: Argument 1 focuses on legal fairness and due process without mentioning the flaws of individuals in power, emphasizing instead the importance of voices and rights; thus, Statement 1 does not imply Statement 2. 3. NO: Statement 1 could be true even if Statement 2 were false, as participation can be valued for reasons like consent or representation, independent of assumptions about rulers' virtues, as suggested by broader political theory.","I am quite confident because the statements address distinct aspects of governance, and no direct logical implication is established in the arguments or contexts provided.",3,NO
B0580006p,B0399005p,"YES, NO, NO","1. YES: In Salmasius's argument, the king's exclusive power to validate laws is presented as a key attribute of his sovereignty, which is indivisible and not shared. This aligns with Bodin's principle that true sovereignty cannot be communicated to subjects. Evidence: Salmasius states that 'nothing that is deliberated or decided there can be valid or ratified unless it is confirmed by the King,' implying the king's supremacy. 2. NO: Statement 1 is a specific procedural requirement for legislation, while Statement 2 is a broad metaphysical claim about the nature of sovereignty. One can accept that the king's approval is necessary for laws without accepting that all sovereign powers are indivisible. For example, the king might share powers over war and peace. 3. NO: The historical contexts differ: Salmasius defends the English monarchy's particular prerogatives, while Bodin articulates a general theory of sovereignty. The truth of Statement 1 in the English context does not entail the universal truth of Statement 2, as other systems might allow shared sovereignty despite a royal veto.","While both statements stem from absolutist thought, logical entailment requires that Statement 1 necessarily implies Statement 2. Since Statement 1 could be true in a system where sovereignty is partially shared, the entailment does not hold strictly. However, within the specific arguments presented, there is a strong conceptual connection, so I am fairly confident but not completely certain.",3,NO
B0566007p,B0400002p,"NO, YES, NO","1. NO: Statement 1 emphasizes the distinction based on accountability and immunity, as seen in Argument 1 where kings are immune from judgment while magistrates are not. This does not directly address law-making power, so Statement 1 does not entail Statement 2. 2. YES: Both statements relate to sovereign authority; in absolute monarchy, the king's distinction from magistrates necessarily includes exclusive legislative power, as sovereignty entails control over law-making. Evidence from Argument 2 shows law-making as a key sovereign attribute, and Argument 1 implies supreme power that would encompass this. 3. NO: The authors have different perspectives and contexts; Salmasius defends royal prerogative against popular will in a specific historical case, while Bodin provides a general theory of sovereignty. Statement 1 is part of a defensive argument, not a definition of sovereignty attributes, so it does not logically entail Statement 2.","I am fairly confident because while both statements concern sovereignty, Statement 1 focuses on the distinction in terms of accountability, not explicitly on law-making, and entailment requires a direct logical connection which is not fully established.",3,NO
B0695004p,B0109009p,"YES, YES, YES","1. Conceptual Linkage: Both statements derive from the principle of popular sovereignty. Statement 1's assertion that the community holds power to appoint and remove leaders implies authority stems from consent, which aligns with Statement 2's claim that disregarding this consent undermines legitimacy. Evidence: Argument 1 states the superior 'can be removed from office by the community'; Argument 2 roots legitimacy in 'consent of the governed.' 2. Historical Context: Althusius and Sidney are early modern thinkers emphasizing social contract theory. Their shared focus on consent means Statement 1's descriptive power logically leads to Statement 2's normative consequence within this framework. 3. Logical Implication: If the community has power over leaders (Statement 1), then authority is contingent on that power. Disregarding the people's say (Statement 2) violates this contingency, causing loss of authority, as supported by Althusius's view that leaders are temporal and community perpetual.",I am confident but not absolutely certain due to potential nuances in interpreting the authors' contexts and the logical step from descriptive power to normative consequence.,3,YES
S0010799006p,B0238006p,"YES, NO, YES","1. YES: In the historical context of Restoration England, accountability of the monarchy was widely understood to require institutional checks, particularly from Parliament. Both statements address the need to limit royal power to preserve stability, so S1's call for accountability implies the checks and balances in S2. 2. NO: Statement 1 focuses on financial accountability to prevent instability, while Statement 2 advocates a broader system of checks and balances on the King's actions. The necessity of one does not logically entail the necessity of the other, as financial accountability could be achieved through means other than a full checks-and-balances system. 3. YES: Both arguments emphasize Parliament's role in holding the monarchy accountable. Argument 1 stresses parliamentary oversight of finances to maintain trust, and Argument 2 asserts that Parliament and the people must question and correct the King. Thus, the accountability in S1 is effectively achieved through the mechanism in S2, making S2 crucial for S1.","While the statements are thematically related and both argue for limitations on monarchical power, Statement 1 does not strictly logically entail Statement 2 because S1 could be true even if S2 is not (accountability could be achieved otherwise). However, given the context, they are strongly associated, but not entailed.",2,NO
S0023652003p,B0297006p,"NO, NO, YES","1. NO: Statement 1 focuses on the necessity of a specific historical inquiry to uphold constitutional principles, which is a procedural or justificatory claim. Statement 2 makes a substantive assertion about the risk of ruin from absolute power. The truth of Statement 1 does not logically depend on the truth of Statement 2; one could endorse the inquiry for reasons of accountability or precedent without accepting the specific risk of ruin. 2. NO: The arguments come from distinct contexts and authorial perspectives. Argument 1 (1689) is situated in the immediate aftermath of the Glorious Revolution, emphasizing constitutional monarchy and parliamentary authority. Argument 2 (1698) is a republican critique of absolute monarchy, warning against any concentration of power. Statement 2 reflects Sidney's broader philosophical warning, which is not explicitly entailed by the more historically specific and politically moderate Statement 1. 3. YES: Both statements are rooted in the shared principle that unchecked power is dangerous. Upholding constitutional governance (Statement 1) inherently involves preventing the risks associated with arbitrary rule, including the potential for ruin if power falls into the wrong hands (Statement 2). In the context of post-Glorious Revolution thought, the principles of constitutional governance were established precisely to avoid such risks, so affirming Statement 1 logically implies accepting the danger described in Statement 2.","I am fairly confident that Statement 1 does not entail Statement 2, as the logical connection is not strict; they address related but distinct ideas. However, the shared historical context and principles introduce some nuance, reducing absolute certainty.",3,NO
B1197003sc,B0809002sc,"NO, NO, YES","1. NO: Logically, Statement 1 is a normative claim about rulers' duties that can be justified on secular grounds (e.g., social contract, utilitarianism) without requiring Christ's ultimate rulership. Thus, Statement 1 does not logically entail Statement 2. 2. NO: In Argument 1, Calvin bases the magistrate's authority on God generally, not specifically on Christ. While both authors are Christian, Calvin's focus is on God as lawgiver, whereas Maxwell's Argument 2 explicitly identifies Christ as the ultimate ruler. Therefore, the statement derived from Calvin does not necessitate the specific claim about Christ. 3. YES: Within the shared historical and theological context of Protestant reformers, the duty of rulers to maintain order (Statement 1) is seen as deriving from a divinely ordained hierarchy where Christ is the supreme authority. In this framework, accepting Statement 1 implies acknowledgment of Christ's sovereignty, making Statement 2 a necessary precondition.","Although both arguments emerge from a Christian worldview, Statement 1 does not strictly entail Statement 2 because Calvin's argument does not explicitly mention Christ's kingship, and the entailment is not logically necessary outside this specific theological context.",3,NO
B0789007p,B0299007p,"NO, NO, NO","1. Statement 1 is a conditional about resisting oppressive rule, which can be justified on various grounds (e.g., natural law or divine right) without requiring the specific delegation theory in Statement 2. 2. The subjects differ: Statement 1 addresses royal authority, while Statement 2 addresses the relationship between people and parliamentary delegates; challenging one does not entail the nature of the other. 3. Milton's argument for Statement 1 cites legal and religious justifications, not explicit popular sovereignty, whereas Sidney's Statement 2 explicitly argues for popular delegation; thus, the philosophical bases are distinct.","While both statements align with republican thought, Statement 1 does not logically necessitate Statement 2; one can affirm the right to resist tyranny without grounding it in a delegation model of authority.",3,NO
S0019929001sc,B0464002sc,"NO, YES, NO","1. NO: Logical entailment is absent because adherence to laws does not universally ensure safety; laws may be harmful or irrelevant to safety. Historical examples (e.g., Nuremberg Laws) show laws can undermine safety. 2. YES: In the context of Argument 1, the established laws (like the Test Act) aim to protect against threats, so adherence directly entails preserving community safety. The argument states compliance 'safeguard[s] against... influence of Catholicism' and 'protect[s] the realm.' 3. NO: Statement 1 is a deontic obligation, while Statement 2 is an outcome; no necessary causal link exists because safety depends on factors beyond legal compliance (e.g., effectiveness of laws, external threats). Argument 2 suggests safety may require actions like citizen removal, which might not be covered by existing laws.","Moderate confidence because, while the specific context of Argument 1 links law adherence to safety, Statement 1 is general and does not logically guarantee Statement 2 in all cases.",3,NO
B0663003sc,B0512002sc,"YES, NO, YES","First, YES: Ensuring kingdom stability logically requires upholding legitimacy because illegitimate rule tends to provoke unrest, making legitimacy a necessary condition for long-term stability. Second, NO: It is conceptually possible for a ruler to maintain stability through coercive or non-legitimate means (e.g., a tyrant using force), so the obligation to ensure stability does not strictly entail an obligation to uphold legitimacy. Third, YES: Within the contexts of the arguments, both authors link stability and legitimacy; Mariana ties the king's stability to obeying laws (a source of legitimacy), and Locke ties the executive's legitimacy to preserving the community (which ensures stability), so interpreting the statements in this light, Statement 1 entails Statement 2.","The arguments strongly associate stability with legitimate rule, but the entailment is not absolute outside this specific philosophical context.",3,YES
B0752001p,B0169006p,"YES, YES, NO","1. YES: In the context of the arguments, both authors argue for popular sovereignty. Milton's assertion that nations have the liberty to choose implies that governmental authority is derived from that choice, i.e., collective agreement. 2. YES: Philosophically, the liberty to choose one's government is based on self-determination, which entails that legitimate political authority requires consent of the governed, making governmental authority a reflection of collective agreement. 3. NO: Logically, Statement 1 asserts a right to choose, while Statement 2 claims all governmental authority reflects collective agreement. A nation may have the liberty but be ruled by a usurper whose authority does not reflect collective agreement, so entailment does not hold strictly.","The historical context and authors' perspectives strongly align, suggesting that Statement 1 implies Statement 2. However, the wording of Statement 2 ('any authority') is absolute and might not be strictly entailed by Statement 1, which is why confidence is not absolute.",3,YES
S0053164001sc,B0737002sc,"NO, YES, NO","1. Statement 1 is a normative claim about what leaders ought to do (commit to justice), while Statement 2 is a descriptive claim about the nature of a monarch's power (limited by justice). Normative commitments do not logically entail factual limitations; a leader could have absolute power but voluntarily choose to uphold justice. 2. In political context, a commitment to upholding justice implies that justice serves as a constraint on power, thus limiting it. Argument 1 argues leaders should be held accountable to justice, implying limitation, and Argument 2 explicitly states a monarch's power is limited by justice, showing a shared premise. 3. Statement 1 refers to 'leaders' broadly, not specifically monarchs, and the contexts differ: Argument 1 is from post-civil war England advocating accountability, while Argument 2 is a theoretical work on monarchy. Different perspectives mean Statement 1 does not necessarily entail Statement 2 for all monarchs.","The normative vs. descriptive distinction and differing scopes make strict logical entailment questionable, but the contextual connection is strong. I am reasonably confident but acknowledge room for interpretation.",3,NO
B0800009p,B0345005p,"YES, YES, YES","1. Logical implication: If power originates with the community (Statement 1), then any delegation of power to a king necessarily comes from the collective will of the populace, and thus the king's authority is derived from that will rather than any inherent superiority. Therefore, Statement 1 entails Statement 2. 2. Historical context: Both arguments emerge from early modern debates on political authority where the idea of popular sovereignty was used to hold rulers accountable. The perspective in Statement 1 was precisely invoked to remind kings of their derivative authority, as seen in Argument 2. Hence, Statement 1 entails Statement 2. 3. Conceptual analysis: The concept that power originates with the community inherently rejects any notion of inherent superiority as a basis for rule. It establishes that rulers hold power only as a trust from the people, which is the core message of Statement 2. Thus, Statement 1 entails Statement 2.","The entailment is strong because both statements express the same fundamental principle: political authority derives from the people, not from the personal qualities of the ruler. The slight difference in phrasing (origin vs. derivation) does not affect the logical relationship.",4,YES
B1053003p,B0784006p,"NO, NO, YES","1. NO: The statements address different aspects of political authority. Statement 1 describes a function of the sovereign power (providing a mechanism for rights), while Statement 2 describes its origin (consent of the governed). Logically, one can conceive of a sovereign power that secures rights without being based on consent (e.g., a benevolent dictator), so Statement 1 does not entail Statement 2.
2. NO: In Hobbes' context, the sovereign power is absolute and established through a social contract that is a one-time transfer of rights, not ongoing consent. Statement 1 is used to argue against leagues, emphasizing that the sovereign alone can provide justice, but this does not imply that the sovereign's power is derived from current consent; indeed, Hobbes stresses obedience regardless of consent.
3. YES: Considering the historical and theoretical background of both arguments, 17th-century English political thought often linked legitimacy to consent. Hobbes' theory posits that the sovereign is created by covenant (consent), and Milton explicitly argues for popular sovereignty. Thus, in this context, the idea that individuals obtain rights through the sovereign (Statement 1) presupposes a legitimate sovereign based on consent, entailing Statement 2.","I am fairly confident because the statements are logically distinct (function vs. source), and while both authors discuss consent, Statement 1 does not necessitate Statement 2. The historical context supports some connection, but not strict entailment.",3,NO
B0250002sc,B0179001sc,"YES, NO, YES","1. (YES) Within the context of Algernon Sidney's arguments, both statements are derived from his rejection of absolute monarchy. He argues that kings act in a public capacity, which inherently subjects them to legal and customary frameworks that protect the public interest. Therefore, Statement 1 entails Statement 2 in this specific intellectual context. 2. (NO) From a purely logical standpoint, the fact that rulers do not act solely for themselves does not necessarily imply that their actions are limited by legal frameworks. They could be constrained by moral principles, practical considerations, or fear of rebellion without any formal legal framework. Thus, Statement 1 does not logically entail Statement 2. 3. (YES) Considering the historical background of early modern political thought, the idea that rulers serve the public good was closely associated with the concept of the rule of law. Philosophers like Sidney often linked the representative nature of kingship to legal limitations, making Statement 1 a precursor to Statement 2.","While logical entailment is not strict, the contextual and authorial perspective strongly suggests that Sidney sees the rejection of self-serving kingship as leading to legal limitations, hence I lean towards YES.",3,YES
S0004648005p,B0272006p,"NO, NO, NO","1. Logical independence: Statement 1 asserts equality before the law, which does not logically require that the magistrate's authority comes from consent. One can imagine a system where the law is supreme and applies to all, but the rulers hold power by divine right or force, not consent. 2. Historical counterexamples: Historical instances such as ancient legal codes (e.g., Hammurabi's Code) or constitutional monarchies like post-Glorious Revolution England (where the rule of law was established but the monarchy's authority was not solely based on popular consent in a democratic sense) show that Statement 1 can exist without Statement 2. 3. Conceptual distinction: Statement 1 addresses the application of law (no exemptions), while Statement 2 addresses the source of political authority. These are separate dimensions of political theory; one does not entail the other, even in the context provided, where both ideas are part of a broader movement but remain distinct principles.","The confidence score of 3 reflects that while there is a strong historical and theoretical association between the two statements, they are not logically equivalent, and counterexamples exist. The context does not alter this fundamental logical independence.",3,NO
S0023935007p,B0370006p,"NO, NO, YES","1. Statement 1 is a normative call to action addressing specific political issues to ensure security, while Statement 2 is a descriptive claim about the necessary conditions for safety; there is no direct logical entailment as one can agree with the need for security without accepting that safety cannot depend on a ruler's whims. 2. The historical contexts differ: Argument 1 concerns post-Glorious Revolution turmoil and religious tolerance, not explicitly the ruler's arbitrary power, so Statement 1's truth does not guarantee Statement 2's truth. 3. However, considering that both statements aim for citizen security, one could argue that ensuring security requires eliminating arbitrary rule, so Statement 1 might imply Statement 2 in a broader sense.","While there are plausible connections between the statements, logical entailment requires that Statement 1 necessarily implies Statement 2, which is not the case given the different scopes and lack of explicit reference. The contexts suggest association but not strict entailment.",3,NO
S0024095006p,B0159002p,"YES, NO, YES","Reason 1 (YES): In the historical context of Argument 1, the Glorious Revolution established a constitutional monarchy where Parliament represented the people's will. Governance being 'representative of the people's will' inherently involves consent and involvement through parliamentary mechanisms, as seen in the shift of power from monarch to Parliament. Thus, Statement 1 entails Statement 2. Reason 2 (NO): From a strict logical perspective, Statement 1 does not necessarily imply Statement 2. It is possible to conceive of a governance that is just and representative without active consent and involvement (e.g., a benevolent autocrat acting in the people's interest). Argument 1 focuses on precedent and stability without explicitly mentioning consent, so entailment is not guaranteed. Reason 3 (YES): The authorial perspective in Argument 1 emphasizes preserving rights and liberties fought for during the revolution, which aligns with the idea that legitimate governance derives from the people's will. Argument 2 explicitly states that true governance requires consent and involvement, and both arguments share a concern for legitimate governance, so Statement 1 entails Statement 2.","I am reasonably confident because the historical context strongly supports the connection between representation and consent, but there is some logical nuance that prevents absolute certainty.",3,YES
B0195003p,B0138004p,"YES, YES, YES","1. From the author's unified philosophical perspective, Statement 1 asserts that a king is subject to the law, which in Sidney's view is grounded in popular consent; thus, legitimacy must derive from consent, not from succession, conquest, or usurpation, entailing Statement 2. 2. Logically, if a king is the servant of the law, any claim to power that bypasses or contradicts the law (such as usurpation or conquest without consent) is inherently flawed, making Statement 2 a necessary consequence of Statement 1 within this framework. 3. Contextually, Sidney's arguments in both passages consistently link the rule of law with the rejection of non-consensual authority, using historical examples and critiques of Filmer to show that Statement 1 and Statement 2 are interconnected, so Statement 1 entails Statement 2.","The author's explicit and consistent reasoning across both arguments leaves no ambiguity: the subjugation of kings to the law directly implies that legitimacy cannot be based on succession, conquest, or usurpation without consent.",4,YES
B0804006p,B0614003p,"YES, NO, YES","1. YES: In the context of both arguments, the authors operate within a Christian theological framework where the scriptural command to respect authority (Statement 1) is explicitly grounded in the belief that authority is derived from God (Statement 2). For Maxwell, this is central to his divine-right argument; for Suárez, it is assumed in his defense of obedience to infidel kings. 2. NO: Logically, Statement 1 does not entail Statement 2 because respect for authority could be commanded for reasons independent of divine derivation (e.g., social contract, natural law, or utility). The statements are conceptually distinct. 3. YES: The specific scriptural passages cited in the arguments (e.g., Romans 13:1) directly link the command to respect authority with the assertion that authority is instituted by God. Thus, within the scriptural moral law referenced, Statement 1 inherently implies Statement 2.","I am fairly confident because the arguments and their contexts strongly associate the scriptural command to respect authority with divine derivation, making the entailment plausible within this framework. However, my confidence is not absolute because the entailment is context-dependent and not a strict logical necessity.",3,YES
S0020686007p,B0713007p,"YES, NO, YES","1. YES: In the historical context of Argument 1, the demand for accountability and oversight by the House of Commons directly challenges absolute royal power, implying the magistrate's (king's) power is not absolute and must serve national interests, which aligns with Statement 2's assertion of accountability to justice and welfare. 2. NO: Statement 1 is a conditional claim about the potential benefits of prioritizing accountability, while Statement 2 is a descriptive claim about the nature of the magistrate's power; logically, the truth of Statement 1 does not guarantee the truth of Statement 2, as accountability mechanisms could exist even under theoretically absolute power. 3. YES: Conceptually, prioritizing accountability and oversight inherently limits power, denying absoluteness, and safeguarding national interests necessarily involves promoting justice and the welfare of subjects, which are the principles to which Statement 2 holds the magistrate accountable.","I am fairly confident because, considering the arguments and their contexts, both statements reflect a shared principle of limited government and accountability. However, entailment is a strong logical relation, and the statements differ slightly in focus (one on efficacy, the other on nature), so I am not completely certain.",3,YES
B0813005p,B0127001p,"YES, NO, NO","1. If the specific structure is a product of human constitution, then humans must engage in a constitutive act, which necessarily involves being subject to some established law (e.g., natural law or the law of agreement) to raise a new commonwealth. This is supported by both arguments: Maxwell acknowledges human constitution, and Sidney emphasizes the necessity of law for forming a commonwealth. 2. Statement 1 only addresses the origin of government structure, not the conditions for raising a commonwealth. One can accept human constitution while believing that a commonwealth can be raised without established law, e.g., through force. Maxwell's argument suggests divine law, not necessarily established human law, guides formation, so Statement 2 does not follow. 3. The statements come from opposing philosophical traditions: divine right vs. social contract. The truth of Statement 1 in Maxwell's framework does not entail Statement 2 from Sidney's framework, as they have different assumptions about the source of authority and the role of law.","While there is some conceptual overlap, logical entailment is not strong; the statements are largely independent.",3,NO
B1160001sc,B0206003sc,"YES, YES, NO","1. YES: In Argument 1, Marsilius explicitly states that a prince limited by law avoids despotism and ill-will, which are hallmarks of tyranny. Since Statement 1's claim about endurance is based on this prevention of tyranny, it entails Statement 2. 2. YES: Both arguments are rooted in the classical tradition that rule of law counteracts arbitrary rule (tyranny). The endurance of a principate under law implies stability derived from preventing tyranny, so Statement 1 entails Statement 2. 3. NO: Statement 1 is specific to governance by law and endurance, while Statement 2 is a general claim about governance preventing tyranny. Logically, a principate governed by law could endure for reasons unrelated to tyranny prevention (e.g., economic or military strength), so Statement 1 does not necessitate Statement 2.","The historical and argumentative context strongly links rule of law to tyranny prevention, making entailment likely. However, the difference in specificity between the statements introduces some logical uncertainty, preventing a score of 4.",3,YES
B0316002sc,B0239001sc,"NO, NO, NO","1. Logical Independence: Statement 1 is a conditional claim about the outcome of absolute monarchy without consent, while Statement 2 is a positive assertion about the effect of annual Parliaments. The truth of one does not logically necessitate the truth of the other, as there could be other ways to ensure responsiveness without annual Parliaments. 2. Contextual Differences: The statements derive from distinct arguments by Fortescue and Sidney, focusing on different governance mechanisms—consent through laws vs. regular parliamentary meetings. Their perspectives, though both critical of absolute power, do not establish a direct entailment between the specific claims. 3. Conceptual Scope: Statement 1 addresses a risk (oppression) in a specific system, while Statement 2 addresses a preventive measure (responsiveness) in a broader context. Entailment would require that the risk implies the necessity of annual Parliaments, which is not supported by the arguments or historical context.","I am fairly confident because the statements are logically and conceptually distinct, despite sharing a thematic concern about preventing bad governance. Entailment requires a stronger direct implication that is absent here.",3,NO
B0375010p,B0272006p,"NO, NO, NO","1. Logical independence: S1 addresses standards of justice, S2 addresses the source of authority; one can advocate for royal accountability based on natural law (as in Argument 1's reference to Ahab and Naboth, where God's law limits the king) without invoking consent. 2. Argument 1's foundation: Brutus grounds S1 in the purpose of kingship and natural law, not explicitly in consent; he states kings were 'created for the good of the people' but does not specify creation by consent, using Roman law examples to distinguish dominion from property. 3. Historical context: Early modern thinkers often held kings accountable to divine or natural law without endorsing consent theory (e.g., divine right monarchy), showing S1 can be true while S2 is false.","While both arguments belong to the resistance tradition and share thematic connections, the statements themselves are not logically dependent. The lack of explicit linkage in Argument 1 and the possibility of alternative justifications for royal accountability reduce confidence slightly.",3,NO
B1080001p,B1026003p,"NO, NO, YES","1. NO: Statement 1 and Statement 2 address distinct aspects of political theory. Statement 1 concerns the location of moral judgment, while Statement 2 concerns the classification of governmental forms. There is no direct logical implication from one to the other. One could consistently hold that private individuals lack the right to judge good and evil while believing that sovereignty can be configured in ways other than the three Hobbes specifies, such as a mixed government. Evidence: In Argument 1, Hobbes lists the doctrine of private judgment as one of several seditious doctrines, and the division of sovereign power as another separate doctrine. This indicates they are independent claims.
2. NO: Statement 1 asserts that the right to judge good and evil belongs to the Commonwealth, but it does not specify the nature of the Commonwealth's sovereign. Statement 2 makes a specific claim about the possible types of sovereign. The former does not entail the latter because one could accept that the Commonwealth holds that right without accepting Hobbes' exhaustive tripartite classification. For example, one might believe in a theocracy where sovereignty is vested in religious authorities, which does not fit neatly into Hobbes' three categories. Evidence: Hobbes himself acknowledges other names like 'tyranny' but argues they are not new forms; this shows that the classification is contested and not logically necessitated by the denial of private judgment.
3. YES: In the context of Hobbes' political philosophy, both statements are derived from the foundational principle that sovereignty must be absolute and indivisible to maintain social order. Statement 1 denies private judgment to prevent individuals from undermining the sovereign's authority, which is essential for a functioning Commonwealth. Statement 2 follows from the indivisibility of sovereignty: since sovereignty cannot be divided, it must reside either in one, a few, or all. Therefore, accepting Statement 1 within Hobbes' framework commits one to accepting the indivisibility of sovereignty, which in turn entails Statement 2. Evidence: In Argument 1, Hobbes states that the measure of good and evil is the civil law made by the sovereign, and in Argument 2, he argues that sovereignty is indivisible and that any division leads to conflict. Thus, the statements are interconnected through the concept of indivisible sovereignty.","While Hobbes' theory provides a coherent framework linking the statements, the propositions themselves do not have a necessary logical relationship; one could accept Statement 1 without being forced to accept Statement 2. Thus, entailment is not strict.",3,NO
B0951001sc,B0937003sc,"YES, YES, YES","1. The States of the Kingdom in Statement 1 are identified as the Public Council, which, according to Argument 2, includes representatives of the commons as part of the Three Estates. Thus, if the States maintained power (S1), it directly demonstrates that popular governance is integrated into the constitution (S2). 2. Statement 1 asserts the continuity of the States' authority, which the author describes as embodying a mixture of governance forms, including popular participation. This continuity implies that popular governance is not merely theoretical but operational, thereby entailing S2. 3. Hotoman's overarching argument presents the States' enduring power as evidence of the mixed constitution's effectiveness. Within this framework, S1 serves as a specific historical instance supporting the general claim in S2, making the entailment logically necessary in the given context.","High confidence is due to the shared source, consistent authorial perspective, and explicit textual connections between the States and popular governance. The entailment is robust within the provided historical and argumentative context.",4,YES
