sentence_id_2,sentence_id_1,sentence_text_2,argument_id_2,sentence_text_1,argument_id_1,score,answers_12,reasonings_12,comment_12,llm_confidence_12,llm_conclusion_12
S0017094004p,B0956004p,Failure to honor the King could lead to dire consequences for the country,S00170,"Historical examples illustrate that even when a King is incapacitated or fails in his duties, the Kingdom remains intact and can swiftly convene to address crises",B0956,0.5542996982522147,"NO, NO, NO","1. NO - The statements come from fundamentally different perspectives on monarchy. Statement 1 (from Hotoman's 1574 work) presents the kingdom as institutionally separate from and resilient to kingly failures, while Statement 2 (from 1677 England) treats honoring the king as essential to national stability. These represent opposing constitutional philosophies rather than logical entailment.
2. NO - The contexts reveal different historical circumstances. Statement 1 describes medieval France where public councils could govern without kings, while Statement 2 reflects Restoration England where royal authority was being reasserted after civil war. The practical realities don't support entailment.
3. NO - The authors' purposes differ. Hotoman argues for institutional safeguards against monarchical weakness, while Grey's speech emphasizes deference to royal authority. Statement 1 suggests systems can function despite kingly failure; Statement 2 suggests kingly displeasure causes national failure. These are conceptually incompatible.","I am completely confident because the statements represent diametrically opposed views of monarchy's relationship to the state. Statement 1 presents the kingdom as institutionally independent of the king, while Statement 2 presents national welfare as dependent on royal favor. These cannot be logically entailed as they rest on contradictory premises about political authority.",4,NO
S0023729009p,B0080002p,A constitutional monarchy should reflect the will of the people rather than the arbitrary decisions of a monarch,S00237,The acceptance of absolute monarchy relies on the idea that there exists a divine or natural law that legitimizes the monarch's unchecked power,B0080,0.49220578766035317,"NO, NO, NO","1. Statement 1 describes a philosophical justification for absolute monarchy (divine/natural law legitimizing unchecked power), while Statement 2 advocates for a constitutional monarchy based on popular will. These represent opposing political philosophies rather than entailment. Evidence: Argument 1 discusses how belief in divine law facilitates acceptance of absolute monarchy, while Argument 2 references the Glorious Revolution's goal of limiting royal authority.
2. The historical contexts show contradictory movements: Context 1 (1698) critiques Filmer's defense of absolute monarchy, while Context 2 (1689) describes the post-Glorious Revolution push toward constitutional monarchy. These contexts represent opposing historical developments rather than logical entailment between the statements.
3. The statements address different governance mechanisms: Statement 1 focuses on external justification (divine/natural law) for monarchical power, while Statement 2 focuses on internal constraint (popular will) on monarchical power. One does not logically imply the other; they represent alternative approaches to monarchical legitimacy.",I am completely confident because the statements represent fundamentally opposing political philosophies (absolute vs. constitutional monarchy) that cannot logically entail one another. The historical contexts and arguments clearly demonstrate these as contradictory positions rather than logically connected propositions.,4,NO
S0010886005p,B0904004p,The collective power of the 41 individuals may challenge the very foundation of monarchical governance,S00108,"When a single Monarch governs, the path to achieving societal goals is shorter and more straightforward",B0904,0.7338564270589649,"NO, NO, NO","1. NO - The statements address different aspects of monarchy: Statement 1 describes an efficiency claim about single-ruler governance from Dante's philosophical argument, while Statement 2 expresses a political concern about a specific challenge to monarchical authority in Restoration England. There is no logical connection where the efficiency of single rule entails that collective power challenges monarchy's foundation.
2. NO - The contexts are fundamentally different: Dante's 14th-century theoretical argument for universal monarchy as divinely optimal governance does not entail Grey's 17th-century practical concern about a specific parliamentary procedure threatening royal authority. The statements operate in different conceptual frameworks without logical implication.
3. NO - The statements have opposite directional relationships to monarchy: Statement 1 positively asserts a benefit of monarchy (shorter path to goals), while Statement 2 negatively identifies a threat to monarchy (challenging its foundation). A positive claim about monarchy's efficiency does not logically entail a negative claim about threats to monarchy; they are independent propositions.","I am completely confident in this assessment because the statements come from entirely different historical contexts (14th-century philosophical treatise vs. 17th-century political speech), address different aspects of monarchy (theoretical efficiency vs. practical threats), and show no logical connection where one proposition implies the other. The lack of entailment is clear from both content and context.",4,NO
S0022793004p,B0346005p,"If William is declared King de facto, it may exceed the intended authority of the monarchy",S00227,"Without the support and consent of the people, the king cannot maintain his authority",B0346,0.6391892749764011,"NO, NO, NO","1. NO - The statements address different concepts: Statement 1 describes a general principle about monarchical authority being contingent on popular support (from Argument 1's theoretical framework), while Statement 2 expresses a specific concern about potential overreach in a particular succession scenario (from Argument 2's practical political context). There is no logical implication between these distinct concerns.
2. NO - The contexts differ fundamentally: Argument 1 presents a philosophical defense of popular sovereignty from 1579, while Argument 2 discusses practical constitutional arrangements in 1689 England. Statement 1's theoretical claim about authority dependency does not entail Statement 2's procedural warning about declaration methods, as they operate in different conceptual domains.
3. NO - The authors' perspectives don't create entailment: Brutus argues for the people's supremacy over kings as a universal principle, while Grey (in Argument 2) focuses on securing specific rights within a parliamentary framework. Statement 1's broad theoretical assertion doesn't logically imply Statement 2's narrow procedural caution, even if both might share concerns about limiting monarchical power.","I am completely certain because: 1) The statements operate at different levels of abstraction (general principle vs. specific procedural concern), 2) They come from distinct historical contexts with different conceptual frameworks, 3) No logical connection exists where Statement 1 being true would necessarily make Statement 2 true or even relevant, 4) The arguments themselves don't establish any direct relationship between these particular statements.",4,NO
S0024472004p,B1154002p,A constitutional monarchy ensures a more stable and representative government,S00244,Elected monarchs govern with laws that are more political and for the common advantage,B1154,0.4019407889325061,"NO, NO, NO","1. NO - The statements come from different historical contexts and conceptual frameworks. Statement 1 is from Marsilius's 14th-century theoretical analysis of principates, focusing on election vs. non-election within monarchy. Statement 2 is from 17th-century England's specific constitutional monarchy established after the Glorious Revolution. Elected monarchy (Statement 1) does not necessarily imply constitutional monarchy (Statement 2), as elected monarchs could theoretically rule without constitutional limits.
2. NO - The arguments have different purposes and perspectives. Argument 1 is a theoretical analysis of governance principles, while Argument 2 is a practical political proposal for rewarding specific rulers. Statement 1 describes a characteristic of elected monarchs in general, while Statement 2 makes a claim about a specific type of monarchy's effects. One does not logically entail the other.
3. NO - The evidence shows different concerns. Statement 1 emphasizes laws being 'more political and for the common advantage' through election. Statement 2 emphasizes stability and representation through constitutional limits on monarchy. Constitutional monarchy (Statement 2) could exist without elected monarchs (e.g., hereditary constitutional monarchies), and elected monarchs could exist without constitutional limits, so neither entails the other.",I am completely confident that Statement 1 does not entail Statement 2. The statements address different concepts (elected monarchy vs. constitutional monarchy) from different historical periods with different theoretical foundations. There is no logical or contextual connection that would make one entail the other.,4,NO
S0019596001sc,B0054001sc,The Duke should be allowed to take oaths for the preservation of the King's person,S00195,Kings should be held to the same standard as common persons regarding their voluntary oaths,B0054,0.41085896661898047,"NO, NO, NO","1. NO - The arguments address fundamentally different subjects: Argument 1 discusses general principles about kings' oaths versus common persons' oaths, while Argument 2 concerns specific exclusion of a Duke from taking particular oaths. There is no logical connection between the general principle about kings' oath standards and the specific case about a Duke's oath eligibility.
2. NO - The contexts are completely separate: Argument 1 appears in a theoretical discussion about royal authority (possibly from Marsilius of Padua's work on ecclesiastical vs. secular power), while Argument 2 addresses 17th-century English political controversies about Catholic exclusion. The historical and conceptual frameworks don't connect the two statements.
3. NO - The authors' perspectives don't align to create entailment: Argument 1 argues for equal treatment of kings and commoners regarding oath standards, while Argument 2 argues against excluding a specific Duke from oath-taking. Even if both advocate for fairness, Statement 1 (about kings' oath standards) doesn't logically imply Statement 2 (about a Duke's oath eligibility) as they concern different subjects and relationships to authority.","I am completely confident in this assessment because the two statements address entirely different subjects (general principles about kings vs. specific case about a Duke), come from completely different historical contexts (14th-century political theory vs. 17th-century English politics), and have no logical connection that would make one entail the other. The arguments may both involve oaths and authority, but the specific claims don't relate in a way that creates logical entailment.",4,NO
S0019594003p,B0089002p,The connection between the monarchy and the nobility is essential for maintaining order in a time of turmoil,S00195,The relationship is often characterized by an imbalance of power where the king holds absolute authority over the lives and goods of his subjects,B0089,0.7152626909417334,"NO, NO, NO","1. Statement 1 describes a power imbalance where the king has absolute authority over subjects' lives and goods, which is presented as a negative condition leading to slavery in Argument 1. Statement 2 describes a positive, essential connection between monarchy and nobility for maintaining order. These describe fundamentally different relationships - one oppressive, one stabilizing - with no logical connection that one implies the other.
2. Argument 1's context (Sidney's Discourses) critiques absolute monarchy as inherently tyrannical, while Argument 2's context (Popish Plot era) assumes monarchy as necessary for stability. Statement 1 emerges from a philosophical critique of monarchy's nature, while Statement 2 emerges from practical political concerns about maintaining order. Different premises and purposes mean neither entails the other.
3. Historical knowledge confirms these represent opposing views of monarchy: Statement 1 reflects republican/Whig critiques of absolute power (like Sidney's), while Statement 2 reflects Tory/royalist views of hierarchical stability. One could believe Statement 1 (monarchy creates imbalance) while rejecting Statement 2 (monarchy-nobility connection is essential), or vice versa, without contradiction, showing no entailment.",I am completely confident because: 1) The statements describe different aspects of monarchy (power dynamics vs. social structure) with no logical connection; 2) They emerge from opposing ideological positions (critique of monarchy vs. defense of monarchy); 3) One can consistently affirm one while denying the other without contradiction; 4) The contexts explicitly show different authors addressing different problems with different assumptions.,4,NO
S0017143009p,B0278012p,It is imperative that we uphold the King's authority,S00171,It is essential to limit the King's power to ensure that governance remains a collective responsibility,B0278,0.37619547523390523,"NO, NO, NO","1. NO - The statements represent opposing philosophical positions on royal authority. Statement 1 advocates limiting the King's power to prevent tyranny, while Statement 2 calls for upholding the King's authority as essential for stability. These are contradictory positions rather than entailing one another.
2. NO - The historical contexts reinforce the opposition. Argument 1 (Sidney, 1698) reflects Whig ideology advocating parliamentary supremacy and checks on royal power. Argument 2 (Grey, 1677) reflects Tory concerns about maintaining royal authority during political turmoil. These different historical moments and perspectives don't create entailment between the statements.
3. NO - The logical relationship is one of contradiction, not entailment. Statement 1's premise that collective governance is necessary directly contradicts Statement 2's premise that upholding royal authority is imperative. If governance must be collective (Statement 1), then upholding absolute royal authority (Statement 2) cannot be imperative, as these are mutually exclusive positions.","I am completely confident in this assessment because the statements represent fundamentally opposing views on royal authority. Statement 1 advocates limiting the King's power for collective governance, while Statement 2 advocates upholding the King's authority. These are contradictory positions that cannot entail one another, regardless of the broader arguments they appear in. The historical contexts and author perspectives further reinforce this opposition rather than creating any logical entailment relationship.",4,NO
S0022624004p,B0190002p,This approach reinforces the principle that the authority of the monarchy must be balanced by the rights of Parliament and the will of the people,S00226,The legitimacy of royal power is contingent upon the consent and rights of the governed,B0190,0.7236311909038617,"YES, YES, NO","1. YES: Statement 1 establishes that royal legitimacy depends on consent/rights of the governed. Statement 2's principle of balancing monarchy with Parliament/people's will logically follows from this foundation, as both require governance to be accountable to the governed. 2. YES: Argument 1's historical analysis (Roman Caesars' unjust rule vs. legitimate kings deriving authority from law/consent) provides the theoretical basis that Statement 2 applies practically in Argument 2's context of establishing parliamentary safeguards post-James II. 3. NO: Statement 1 is a general principle about legitimacy sources, while Statement 2 is a specific application about institutional balance; one could theoretically accept Statement 1 but reject Statement 2's particular implementation mechanism (e.g., favoring different balancing institutions).","Moderately confident. The entailment is strong given the shared emphasis on popular consent limiting royal power, but there's nuance: Statement 1 is foundational, Statement 2 is an institutional instantiation. The historical contexts align (Sidney's theoretical framework informs Grey's practical application), making entailment plausible but not strictly logical necessity.",3,YES
S0019925007p,B0430006p,The safety of the monarchy is paramount,S00199,"Without this discretion, a king risks creating an environment where corruption and incompetence can flourish, ultimately threatening the integrity of the monarchy itself",B0430,0.17004309615000007,"NO, NO, NO","1. Statement 1 is a conditional claim about the consequences of a king lacking discretion in appointments, while Statement 2 is an absolute assertion about monarchy's safety being paramount. The first does not logically imply the second; they address different aspects (governance mechanics vs. security priority). 2. From Argument 1's context (Bodin, 1576), the focus is on administrative stability through balanced office tenure, not on establishing monarchy's safety as an overriding principle. Statement 1's threat to 'integrity' is narrower than Statement 2's broad 'paramount safety.' 3. Argument 2's context (1678 England) treats monarchy's safety as paramount due to immediate threats (Popish Plot), but Statement 1's concern about corruption from fixed appointments doesn't entail this prioritization; one could accept Statement 1 while rejecting Statement 2 if monarchy's safety weren't considered paramount.","I am completely sure because the statements operate at different logical levels: Statement 1 is a specific causal claim about governance, while Statement 2 is a general value assertion. There is no necessary logical connection where the truth of Statement 1 guarantees the truth of Statement 2.",4,NO
S0004403006p,B1152002p,Establishing a constitutional monarchy can ensure that the governance of the nation is conducted with the consent of the governed,S00044,The superiority of the elected monarchy stems from the nature of its governance,B1152,0.4860614074558862,"NO, NO, NO","1. Statement 1 is about the superiority of elected monarchy based on governance quality and willingness of subjects, while Statement 2 is about constitutional monarchy ensuring governance with consent. These are different concepts: elected monarchy is about selection method, constitutional monarchy is about power limitation. Marsilius's elected monarchy could still be absolute, while Cobbett's constitutional monarchy could have hereditary elements. 2. The contexts differ fundamentally: Marsilius (1324) discusses monarchy types within medieval political theory, while Cobbett (1689) addresses post-Glorious Revolution constitutional arrangements. Marsilius's 'elected monarchy' doesn't imply the parliamentary constraints central to Statement 2. 3. The authors' perspectives diverge: Marsilius values election for better rulers and willing subjects within monarchy, while Cobbett emphasizes limiting monarchical power through constitutional structures. Statement 1's 'superiority' doesn't logically entail Statement 2's 'consent of the governed' mechanism.","I am completely confident because: 1) The statements address fundamentally different political concepts (selection method vs. power limitation), 2) The historical contexts represent distinct political paradigms (medieval monarchy theory vs. early modern constitutionalism), 3) There's no logical necessity that election superiority implies constitutional mechanisms for consent, 4) Marsilius explicitly discusses elected monarchs who could still rule absolutely, while constitutional monarchy as described in Statement 2 requires institutional constraints regardless of selection method.",4,NO
S0017381010p,B0268007p,Parliament must uphold the rights of its constituents against potential overreach by the monarchy,S00173,The Parliament acts on behalf of the People,B0268,0.6953871515899265,"YES, YES, NO","1. YES: In Argument 1, Sidney explicitly states that Parliament acts on behalf of the People and has the power to create and validate kings. If Parliament acts on behalf of the People, then logically it must protect their rights against monarchical overreach, which is precisely what Statement 2 describes. The historical context of 17th-century England shows Parliament's role in checking royal power.
2. YES: Argument 1 establishes that Parliament's authority derives from representing the People's will. If Parliament truly acts on behalf of the People (Statement 1), then its fundamental duty includes protecting their rights from any threat, including monarchical overreach (Statement 2). This is supported by Sidney's argument that Parliament's power to validate kings implies responsibility to the governed.
3. NO: While Statement 1 describes Parliament's representative role, Statement 2 specifies a particular duty (protecting against monarchical overreach). It's theoretically possible for a parliament to act on behalf of the people while focusing on other priorities like economic management or foreign policy, without specifically emphasizing protection against monarchy. The arguments don't explicitly state that representation necessarily entails this specific protective function.","I'm reasonably confident but not completely certain because while the logical connection is strong given the historical context and Sidney's arguments, there's a slight possibility that one could interpret 'acting on behalf of the People' in a narrower sense that doesn't automatically include protection against monarchical overreach as an essential component.",3,YES
S0002978001sc,B0081001sc,Parliament must support the King,S00029,Censuring a king by the people is necessary to prevent tyranny,B0081,0.6784247424642298,"NO, NO, NO","1. NO - The statements represent opposing political philosophies: Statement 1 advocates popular sovereignty and accountability of rulers to the people, while Statement 2 advocates parliamentary support for royal authority without conditions. These are contradictory positions, not entailing one another. 2. NO - Historical context shows these statements emerge from different political moments: Statement 1 reflects Sidney's republican theory from 1698 arguing against absolute monarchy, while Statement 2 reflects parliamentary debates during the Restoration period (1677) about supporting the Stuart monarchy. Different contexts yield different political imperatives. 3. NO - The authors' perspectives are fundamentally opposed: Sidney (Argument 1) argues kings can be censured by the people when they fail their duty, while Cobbett's context (Argument 2) shows Parliament supporting the king's authority. Statement 1's necessity for preventing tyranny does not entail Statement 2's requirement to support the king; they could be mutually exclusive.","I am completely confident in my assessment because the statements represent fundamentally contradictory political principles: popular sovereignty versus royal authority. The historical contexts, authors' perspectives, and logical implications all point to no entailment relationship.",4,NO
S0017307001p,B0452006p,The necessity of unwavering support for the monarchy is paramount,S00173,"Without a nobility or a strong military to support it, a monarchy lacks the necessary foundation to sustain itself",B0452,0.48195792310472424,"NO, NO, NO","1. NO: Statement 1 describes a structural condition for monarchy's survival (nobility/military foundation), while Statement 2 advocates a normative duty of loyalty. The first is descriptive/analytical about power structures, the second prescriptive about political obligation - they address different domains without logical entailment. 2. NO: The arguments' contexts show opposing perspectives - Argument 1 critiques monarchy's inherent instability when popular power grows (Harrington's republican analysis), while Argument 2 demands unconditional monarchical support (Tory/royalist position). Statement 1's premise doesn't lead to Statement 2's conclusion; they represent competing political theories. 3. NO: Historical evidence from the arguments contradicts entailment. Argument 1 shows monarchies collapsing when lacking noble/military support (Roman example), while Argument 2's context (1677 England) shows monarchy persisting despite such conditions through ideological loyalty. Statement 1's truth doesn't necessitate Statement 2's prescription.","High confidence because: 1) The statements operate in different logical modes (descriptive vs. prescriptive), 2) The arguments explicitly represent opposing political philosophies, 3) Historical contexts show the statements emerging from contradictory worldviews, 4) No logical connection exists where a structural analysis entails a normative duty.",4,NO
S0020928002sc,B0321002sc,Parliament must safeguard people's rights from monarchical abuses of power,S00209,Heavy taxation without consent undermines a monarchy's security,B0321,0.6899074095186042,"NO, NO, NO","1. Statement 1 is about the consequences of taxation without consent on military security, while Statement 2 is about parliamentary oversight to protect rights from monarchical abuses. These address different aspects of governance (security vs. rights protection) without logical implication. 2. The contexts differ: Argument 1 discusses 15th-century French monarchy's fiscal policy effects, while Argument 2 addresses 17th-century English parliamentary authority. The authors' perspectives (Fortescue vs. Grey) focus on different problems (economic ruin vs. religious/political succession). 3. Statement 1 could be true without Statement 2 being true: a monarchy could theoretically maintain security through other means (e.g., foreign alliances) while still taxing without consent, without Parliament needing to safeguard rights. The arguments don't establish that security failure necessitates parliamentary intervention for rights protection.","I am completely sure because the statements address fundamentally different concepts (security consequences vs. institutional oversight for rights protection) from distinct historical contexts, with no logical or contextual connection that would make one entail the other.",4,NO
S0018445002sc,B1139001sc,The King must ensure national stability,S00184,The citizens' collective will limits the king's power,B1139,0.7248518796890926,"NO, NO, NO","1. NO: Statement 1 describes a structural limitation on monarchical power (citizens' collective will as a check), while Statement 2 is a normative imperative about ensuring national stability. The first doesn't logically require the second; a king could theoretically have limited power yet fail to ensure stability due to other factors. 2. NO: The arguments operate in different contexts - Argument 1 presents a theoretical framework for stable monarchy where citizen participation limits royal power, while Argument 2 addresses immediate political crisis where parliamentary advice is ignored. The theoretical limitation in Statement 1 doesn't entail the practical imperative in Statement 2 given these different contexts. 3. NO: From Spinoza's perspective in Argument 1, stable monarchy emerges from institutional structures (councils, fixed laws) that limit royal power, not from the king actively ensuring stability. The king's role is constrained by these structures rather than being an active agent of stability. Thus, citizens limiting power doesn't entail the king ensuring stability.","High confidence because the statements represent fundamentally different concepts: one describes a state of affairs (limitation of power), while the other prescribes an action (ensuring stability). The logical gap between descriptive and normative statements, combined with the different contexts and theoretical frameworks, makes entailment clearly absent.",4,NO
S0052301001sc,B0636001sc,A formal oath for his Highness is essential for government accountability,S00523,The oath conflicts civil obedience to the king,B0636,0.24406040638265664,"NO, NO, NO","1. NO - The statements address fundamentally different contexts and purposes. Statement 1 critiques an oath that creates conflict between civil and religious obedience in a 1613 Catholic theological argument about papal authority. Statement 2 advocates for a formal oath to ensure government accountability in 1657 England during the Protectorate. There is no logical connection where the conflict described in Statement 1 would entail the necessity described in Statement 2.

2. NO - The authors' perspectives and historical contexts are incompatible for entailment. Statement 1 comes from Francisco Suárez's Catholic theological critique of the English Oath of Allegiance, focusing on religious conflict. Statement 2 comes from a 1657 political context advocating for governance stability under Cromwell's Protectorate. The different historical periods (1613 vs. 1657), different political systems (monarchy vs. protectorate), and different concerns (religious authority vs. political accountability) prevent any entailment relationship.

3. NO - The statements address different types of oaths with opposite evaluations. Statement 1 describes an oath that creates problematic conflict between civil and religious obligations. Statement 2 advocates for an oath that would create beneficial accountability in government. One statement critiques an oath's negative consequences while the other advocates for an oath's positive functions - these are not logically connected in an entailment relationship where one statement's truth would guarantee the other's truth.","I am completely confident in my assessment because the statements come from completely different historical contexts (1613 vs. 1657), address different types of oaths (one being critiqued, one being advocated), and serve different purposes (religious conflict analysis vs. political stability advocacy). There is no logical connection where the truth of Statement 1 would guarantee the truth of Statement 2, as they operate in separate domains with no shared premises or implications.",4,NO
S0001920006p,B0578002p,The king's efforts to consolidate power are undermined by the infighting among his subjects,S00019,"When subjects refuse to obey, they undermine the very foundation of the king's dominion",B0578,0.16842870047887024,"NO, NO, NO","1. NO - Statement 1 describes a direct causal relationship where disobedience undermines the king's dominion foundation, while Statement 2 describes a different mechanism where infighting undermines consolidation efforts. The first is about obedience as a foundation, the second about conflict as an obstacle. 2. NO - The contexts differ: Argument 1 (1649) discusses theoretical foundations of royal authority during Charles I's defense, while Argument 2 (1669) describes practical governance challenges during Charles II's reign. The statements address different historical moments and types of challenges. 3. NO - The authors' perspectives differ fundamentally: Salmasius argues for absolute royal authority where disobedience directly weakens dominion, while Cobbett criticizes governance failures where infighting creates stalemates. Statement 1 expresses a monarchist principle, while Statement 2 describes a political observation without endorsing the same theoretical framework.","I am completely confident because the statements operate at different conceptual levels (theoretical foundation vs. practical governance), emerge from distinct historical contexts with different authors' agendas, and describe different causal mechanisms (disobedience undermining dominion vs. infighting undermining consolidation).",4,NO
S0000782002sc,B0207001sc,King Charles I's actions reflect the monarchy's continuity,S00007,Laws regulate the king's actions,B0207,0.30440428415301474,"NO, NO, NO","1. NO - The arguments come from different historical contexts and authors with opposing perspectives. Argument 1 (Sidney, 1698) argues that laws constrain kings and exist independently of royal will, while Argument 2 describes Charles I's actions in 1642 to assert royal authority. Statement 1 reflects a principle of legal constraint on monarchy, while Statement 2 describes specific actions to maintain monarchical continuity - these are conceptually distinct.
2. NO - The evidence from Argument 1 explicitly states that 'the King cannot change the laws' and 'the Law is not under them,' establishing laws as superior to royal will. Argument 2 shows Charles I asserting royal prerogative and expecting obedience to royal directives. These represent different conceptions of monarchy - one constrained by law, one asserting royal authority - so Statement 1 does not entail Statement 2.
3. NO - Historical context shows these arguments represent opposing political philosophies. Argument 1 reflects republican/parliamentarian thought that emerged after the English Civil War, while Argument 2 describes royalist actions during the conflict. Statement 1 (laws regulate kings) represents a limitation on monarchy, while Statement 2 (actions reflect continuity) represents monarchical assertion - one does not logically imply the other.","I am completely confident in this assessment because: 1) The arguments come from fundamentally different historical moments (post-Civil War republican thought vs. pre-Civil War royalist actions), 2) They represent opposing political philosophies about the relationship between law and monarchy, 3) The statements describe different conceptual relationships (constraint vs. continuity), and 4) The evidence explicitly shows contradictory approaches to royal authority.",4,NO
S0020527004sc,B0404004sc,to uphold parliamentary sovereignty,S00205,Sovereignty must prevent instability,B0404,0.7079418076125633,"NO, NO, NO","1. Statement 1 is a normative claim about sovereignty's purpose (preventing instability), derived from Bodin's argument that indivisible sovereignty avoids conflict. Statement 2 is a specific action goal (upholding parliamentary sovereignty) in a 1679 English context. The first does not logically entail the second because preventing instability could be achieved through other means (e.g., strong monarchy), not necessarily parliamentary sovereignty. 2. Bodin's context (1576 France) explicitly rejects mixed sovereignty including parliamentary elements, arguing sovereignty must reside in one entity (prince, aristocracy, or people). The 1679 English context assumes parliamentary sovereignty as desirable. Statement 1, rooted in Bodin's view, does not entail Statement 2's parliamentary focus, as Bodin would see parliamentary sovereignty as potentially divisive. 3. The arguments have different scopes: Argument 1 discusses sovereignty's abstract nature (indivisible to avoid instability), while Argument 2 addresses a concrete political crisis (Exclusion Crisis). Statement 1's general principle does not entail Statement 2's specific application to parliamentary sovereignty, as the principle could apply to any sovereign form (monarchical, aristocratic, or popular) without specifying parliamentary systems.","I am completely sure because: (a) the statements derive from historically and conceptually distinct arguments (Bodin's absolutism vs. 1679 English parliamentary context), (b) Bodin explicitly argues against mixed sovereignty including parliamentary elements, making Statement 1 incompatible with entailing Statement 2, and (c) Statement 1 is a general normative claim while Statement 2 is a specific political goal, lacking logical necessity between them.",4,NO
S0003532009p,B0591009p,This process reinforces the principles of representation and accountability in governance,S00035,The principles of justice and the rule of law are essential for maintaining the integrity of governance,B0591,0.23112564694783272,"NO, NO, NO","1. NO - The statements address fundamentally different governance principles: Statement 1 focuses on judicial fairness and rule of law in the context of royal accountability, while Statement 2 concerns parliamentary autonomy and representation in selecting leadership. The first deals with legal procedures for holding authority accountable, the second with institutional independence from monarchy. 2. NO - The historical contexts reveal opposing perspectives: Argument 1 defends royal prerogative and criticizes parliamentary overreach in Charles I's execution, while Argument 2 advocates for parliamentary independence from monarchy during Charles II's reign. These represent conflicting views on the monarchy-parliament relationship, making the principles non-entailing. 3. NO - The authors' purposes differ significantly: Salmasius argues for royal immunity and proper judicial processes for kings, emphasizing legal norms protecting authority. The second argument's perspective (implied as parliamentary advocate) seeks to limit royal influence over parliamentary procedures, emphasizing representation. One protects royal authority through legal processes, the other protects parliamentary authority from royal interference.","I am completely confident because the statements derive from arguments with fundamentally different objectives regarding the monarchy-parliament relationship, address distinct governance principles (judicial fairness vs. institutional autonomy), and emerge from historical contexts representing opposing sides in England's constitutional struggles.",4,NO
S0023062003sc,B1150001sc,Parliament must prevent monarchy overreach,S00230,Royal monarchy is an effective form of government,B1150,0.7388064515172101,"NO, NO, NO","1. NO - Statement 1 describes royal monarchy as 'effective' based on Marsilius's theoretical classification of well-tempered principates that serve the common good with subjects' consent. Statement 2 addresses practical parliamentary oversight in 1689 England to prevent monarchy overreach. The first is a normative political theory classification; the second is a specific institutional safeguard in a constitutional context. No logical entailment exists between a theoretical classification and a specific institutional requirement.

2. NO - Marsilius's context (1324) presents royal monarchy as an ideal type where the single ruler governs for common advantage with subjects' consent. In this theoretical framework, an 'effective' royal monarchy by definition wouldn't require external oversight to prevent overreach since it already operates with consent. Argument 2's context (1689) assumes monarchy inherently risks overreach requiring parliamentary checks. These are fundamentally different assumptions about monarchy's nature.

3. NO - Historical and contextual analysis shows these statements operate in different paradigms. Statement 1 comes from medieval political philosophy classifying regime types, while Statement 2 emerges from post-revolutionary England establishing constitutional mechanisms. The 'effectiveness' in Statement 1 refers to alignment with Aristotelian political theory criteria, while Statement 2's concern with overreach prevention addresses practical governance challenges in a specific historical moment. No entailment relationship exists between these distinct conceptual frameworks.","I am completely confident in this assessment because the statements originate from fundamentally different contexts (medieval political theory vs. post-Glorious Revolution constitutional practice), address different aspects of governance (theoretical classification vs. institutional safeguards), and operate under different assumptions about monarchy. The lack of logical connection is evident from both the arguments' content and their historical contexts.",4,NO
S0051611008p,B0581009p,The actions of King Charles I were met with disapproval from the Lords,S00516,The execution of King Charles I is depicted as a crime against majesty,B0581,0.3000150286484062,"NO, NO, NO","1. Statement 1 describes the execution as a 'crime against majesty' from the perspective of Salmasius in 1649, who defends Charles I's divine right. Statement 2 refers to Charles I's actions during the Earl of Strafford's trial, which occurred earlier (1641), and disapproval from the Lords is mentioned in Argument 2's historical context. These are separate events with no logical connection in the arguments; Statement 1 does not imply Statement 2. 2. The arguments have different authors, times, and purposes: Argument 1 (1649) condemns the execution as unjust, while Argument 2 (1657) discusses checks on royal power using historical examples. Statement 1 is a conclusion about the execution's injustice, while Statement 2 is a factual claim about Lords' disapproval of specific royal actions; one does not entail the other as they address different aspects of Charles I's reign. 3. Entailment requires that if Statement 1 is true, Statement 2 must be true in context. Here, Statement 1's truth (the execution being a crime) does not logically force Statement 2's truth (Lords disapproving of Charles I's actions); they are independent claims. Evidence from Argument 1 focuses on the execution's illegitimacy, not on Lords' reactions to earlier royal actions, and Argument 2 does not reference the execution, showing no connection.","I am completely sure about my assessment because the statements are clearly independent: Statement 1 is a normative judgment about the execution from a specific 1649 defense, while Statement 2 is a descriptive historical fact about earlier events. There is no logical, contextual, or evidentiary link between them in the provided arguments, making entailment impossible.",4,NO
S0020364008p,B0547003p,The King’s prerogative should not shield those who have acted against the interests of the state,S00203,A king provides the necessary unity and direction that prevents individuals from pursuing their own interests at the expense of the community,B0547,0.7373215703661773,"NO, NO, NO","1. Statement 1 is a descriptive claim about the theoretical role of kingship from John of Paris's 1305 philosophical treatise, arguing that a king's unity prevents individual interests from harming the community. Statement 2 is a normative political demand from a 1679 English parliamentary context, asserting that the king's prerogative should not protect officials who act against state interests. These statements operate in different conceptual domains (theoretical vs. practical) and historical contexts (medieval political philosophy vs. Restoration-era constitutional conflict), so Statement 1 does not logically entail Statement 2.

2. The arguments supporting these statements have opposing perspectives on royal authority. Argument 1 presents kingship as essential and virtuous for directing communities toward the common good. Argument 2 challenges royal prerogative when it conflicts with parliamentary authority and justice, suggesting the king's power should have limits. Since Statement 1 comes from an argument affirming royal authority while Statement 2 comes from an argument questioning it, Statement 1 cannot entail Statement 2.

3. Examining the specific content: Statement 1 describes what a king does (provides unity to prevent individual interests from harming community). Statement 2 prescribes what the king's prerogative should not do (shield those acting against state interests). Even if a king provides unity as in Statement 1, this doesn't logically require that the king's prerogative shouldn't shield wrongdoers as in Statement 2. The statements address different aspects of kingship (functional role vs. limitations on power) without logical connection.",I am completely confident in this assessment because: (1) The statements come from fundamentally different historical contexts (1305 philosophical treatise vs. 1679 parliamentary debate) with different purposes; (2) They represent opposing perspectives on royal authority (affirming vs. questioning); (3) They address different dimensions of kingship (functional role vs. limitations on power); (4) There is no logical connection where Statement 1's descriptive claim about kingship's benefits would necessitate Statement 2's normative claim about limiting royal prerogative.,4,NO
S0016873008p,B0828009p,Any significant alteration to the King's role could destabilize governance,S00168,Such a dynamic diminishes the king's legitimacy,B0828,0.7392093536296906,"NO, NO, NO","1. NO - The statements address different aspects of royal authority: Statement 1 focuses on legitimacy erosion when power is derived from the people (Argument 1's perspective), while Statement 2 concerns governance destabilization from altering the king's role (Argument 2's perspective). These are distinct concerns without logical implication. 2. NO - The arguments come from opposing ideological positions: Argument 1 advocates absolute monarchy where legitimacy comes from divine right, while Argument 2 accepts parliamentary influence within a mixed constitution. Statement 1's premise (people's will undermining legitimacy) contradicts Argument 2's context where parliamentary petitions coexisted with royal authority. 3. NO - The historical contexts differ: Argument 1's 1644 context rejects any popular sovereignty, while Argument 2's 1677 context operates within established parliamentary monarchy. Statement 2's concern about destabilization assumes an existing balanced system, while Statement 1's legitimacy concern assumes an ideal absolute monarchy being corrupted.","I am completely confident because: 1) The statements address fundamentally different concepts (legitimacy vs. stability), 2) The arguments represent opposing political philosophies with incompatible premises, 3) The historical contexts show different constitutional arrangements, 4) There's no logical pathway where one statement necessarily implies the other given their distinct concerns and incompatible underlying assumptions.",4,NO
S0052004003sc,B0919003sc,The speech advocates for a governance structure that protects the Commonwealth's integrity,S00520,The law emphasizes the Commonwealth's leadership authority,B0919,0.6578960910353764,"NO, NO, NO","1. NO - The statements refer to different historical contexts and governance systems. Statement 1 describes a law in ancient Gallic Commonwealths (1574 text) emphasizing leadership authority through controlled information flow. Statement 2 addresses 1657 England's Protectorate, advocating for governance protecting Commonwealth integrity against monarchical restoration. The contexts are temporally and geographically distinct, with no direct entailment.
2. NO - The authors' perspectives differ fundamentally. Hotoman's text (Argument 1) describes historical Gallic governance structures neutrally, while the Burton speaker (Argument 2) argues for preserving republican ideals against Cromwell's potential monarchy. Statement 1 is descriptive of past law; Statement 2 is prescriptive for contemporary political action. Different purposes prevent entailment.
3. NO - The concepts of 'Commonwealth' differ between statements. In Statement 1, 'Commonwealth' refers to ancient Gallic city-states with mixed aristocratic/popular governance. In Statement 2, 'Commonwealth' refers to the post-Civil War English republic. The leadership authority in Statement 1 (Magistrates controlling rumors) doesn't entail the integrity protection in Statement 2 (adherence to Petition and Advice), as they address different governance challenges.","I am completely confident in my assessment. The statements are clearly about different historical periods (ancient Gaul vs. 1657 England), different political systems, and different authors with different purposes. There is no logical, contextual, or conceptual connection that would allow Statement 1 to entail Statement 2. The only similarity is the word 'Commonwealth,' which refers to entirely different entities in each case.",4,NO
S0010916002p,B0835008p,The reference to the King's Council not granting writs highlights the importance of maintaining a balance between royal authority and parliamentary oversight,S00109,The authority of kings is not only legitimate but also necessary for maintaining order and governance,B0835,0.5600035001699406,"NO, NO, NO","1. NO - The statements address fundamentally different aspects of governance. Statement 1 asserts the necessity of royal authority for order, focusing on the king's divine right and inherent powers. Statement 2 discusses procedural balance between royal and parliamentary authority, specifically regarding writs and oversight. These are distinct governance concepts without logical implication between them.
2. NO - The historical contexts and authorial perspectives differ significantly. Statement 1 derives from a 1644 royalist text arguing against popular sovereignty, while Statement 2 comes from a 1669 context concerned with parliamentary procedures and legal balances during the Restoration. The different eras and concerns (divine right vs. institutional checks) show no entailment.
3. NO - The logical content shows no necessary connection. Statement 1's claim about royal legitimacy and necessity does not logically require Statement 2's specific procedural point about writs and balance. One could accept Statement 1 while rejecting Statement 2, or vice versa, without contradiction, as they address separate governance dimensions.","I am completely confident in this assessment because the statements operate at different conceptual levels (foundational legitimacy vs. procedural balance), emerge from distinct historical contexts with opposing authorial perspectives, and lack logical necessity between their claims. The absence of shared premises or direct implication is clear from both textual analysis and historical understanding.",4,NO
S0053093002sc,B1135001sc,Adhering to Parliament's laws is essential for governance integrity,S00530,Effective monarchy governance requires laws to align with the passions of subjects,B1135,0.6197211341988038,"NO, NO, NO","1. NO - Statement 1 is about monarchical governance requiring laws to align with subjects' passions for stability, while Statement 2 is about parliamentary authority during the Interregnum when monarchy was abolished. These address different governance systems (monarchy vs. parliamentary rule during republic) with no logical connection. 2. NO - The contexts differ fundamentally: Argument 1 discusses ideal monarchy foundations (Spinoza, 1677), while Argument 2 addresses practical parliamentary adherence during Cromwell's Protectorate (1657). No entailment exists between theoretical monarchical principles and specific parliamentary obedience requirements. 3. NO - The authors' perspectives oppose each other: Spinoza advocates for monarchical systems with checks, while Argument 2's speaker supports parliamentary supremacy during anti-monarchical Interregnum. Statement 1's premise about monarchy doesn't entail Statement 2's premise about parliamentary authority in a non-monarchical context.","I am completely confident because the statements address fundamentally different governance contexts (monarchical theory vs. parliamentary practice during republic), come from opposing historical periods and perspectives, and share no logical connection that would allow one to entail the other.",4,NO
S0023245007p,B0930001p,The exploitation of the King's name could erode the very foundation of governance,S00232,The King's Domain cannot be alienated without the consent of the public council,B0930,0.2573358018094627,"NO, NO, NO","1. NO - The statements address fundamentally different governance concepts: Statement 1 concerns property rights and alienation of royal domains requiring public council consent in a medieval French context, while Statement 2 addresses allegiance oaths and potential exploitation of royal authority in 17th-century England. There is no logical connection between property alienation procedures and oath evasion undermining governance foundations.
2. NO - The historical contexts and authors' perspectives are incompatible: Hotoman's 1574 argument about Francogallia's constitutional traditions regarding royal property has no bearing on Grey's 1689 concerns about post-Glorious Revolution loyalty oaths. The arguments operate in different centuries, political systems, and address distinct governance issues without shared premises.
3. NO - The statements lack any causal or inferential relationship: Even if both mention governance foundations, Statement 1's specific claim about property alienation procedures does not logically imply Statement 2's claim about oath evasion eroding governance. No evidence in either argument suggests that the public council consent requirement for property alienation entails or relates to preventing exploitation of the king's name for oath avoidance.","I am completely certain about this assessment because the statements are clearly unrelated both logically and contextually. They address different historical periods, different governance issues (property rights vs. allegiance oaths), and different political concerns. There is no inferential connection between the specific claims made in each statement.",4,NO
S0017414008p,B0227008p,It is important to address the grievances of various factions within Parliament,S00174,The Parliament represents the interests of the people and is accountable to them,B0227,0.26253380297811385,"NO, NO, NO","1. Statement 1 describes Parliament's representative and accountable nature, while Statement 2 focuses on addressing factional grievances. These are distinct concepts: representation doesn't inherently require addressing specific factional grievances, especially when factions may represent minority or extreme views. 2. From Argument 1, Sidney emphasizes Parliament's lawmaking authority and collective wisdom, not specifically addressing factional grievances. The text discusses Parliament's role in correcting legal defects and representing the people's interests generally, not managing internal factional disputes. 3. Argument 2 discusses parliamentary adjournment limiting debate on various grievances, but this doesn't create an entailment relationship. Even if Parliament represents the people (Statement 1), it doesn't logically follow that addressing factional grievances (Statement 2) is necessary - Parliament could theoretically represent the people while ignoring certain factions if they're deemed contrary to the public interest.","I am completely confident because the statements address fundamentally different aspects of parliamentary function: one about representation and accountability (a structural/relational concept), the other about addressing specific grievances (a procedural/action-oriented concept). No logical or contextual connection forces the entailment.",4,NO
S0021000004p,B0403005p,The implications of this pardon seem to undermine the authority of Parliament and the principles of justice,S00210,The prerogative to pardon individuals who have forfeited their lives is a fundamental aspect of the sovereign's role,B0403,0.6497142810278026,"NO, NO, NO","1. NO - Statement 1 describes a theoretical sovereign prerogative from Bodin's 1576 absolutist framework, while Statement 2 critiques a specific pardon's practical implications in 1679 England. The first doesn't logically imply the second as they address different contexts and purposes.
2. NO - Bodin's argument (Argument 1) presents pardoning as an inherent sovereign right that distinguishes sovereigns from subjects, with no mention of parliamentary authority. Statement 2 concerns parliamentary authority being undermined, a concept absent from Bodin's absolutist framework where Parliament has no role in sovereign pardons.
3. NO - Historical context shows fundamental differences: Bodin's 16th-century French absolutism (where sovereign power is indivisible) versus 17th-century English constitutional struggles (where parliamentary authority challenges royal prerogatives). Statement 1's premise doesn't entail Statement 2's conclusion about parliamentary authority since they operate under different political theories.","I am completely confident because the statements derive from fundamentally different political frameworks (absolutist sovereignty vs. parliamentary authority) separated by a century, with no logical connection between a theoretical sovereign prerogative and a specific parliamentary concern about undermined authority.",4,NO
S0016991001p,B0777003p,The need for unity and stability in England's governance is paramount,S00169,The governance of England is a mixed government where the authority of the Parliament plays a crucial role,B0777,0.18851173785201167,"NO, NO, NO","1. Statement 1 describes a structural feature of English governance (mixed government with parliamentary authority), while Statement 2 expresses a normative need (unity and stability). Structural descriptions do not logically entail normative needs. 2. The arguments come from different historical contexts (1651 vs. 1677) with different concerns. Milton's argument focuses on limiting royal power through parliamentary authority, while the 1677 context emphasizes religious tolerance and social cohesion. These are distinct political priorities. 3. Statement 1 could be true even if unity and stability were not paramount concerns. England could have a mixed government system while facing no particular threats requiring emphasis on unity. The statements address different aspects of governance.","I am completely confident that Statement 1 does not entail Statement 2. The statements operate at different logical levels (descriptive vs. normative), come from different historical contexts with different political concerns, and have no necessary logical connection. One can accept the mixed government structure without accepting that unity/stability is currently paramount.",4,NO
